id,created_at,text
text
text
text
text
text
text
text
text
text
text
text
text
text
text
text
text
text
text
text
text
text
text
text
text
text
text
text
text
text
text
text
text
text
text
text
text
text
text
text
text
text
text
text
text
text
text
text
text
text
text
text
text
text
text
text
text
text
text
text
text
text
text
text
text
text
text
text
text
text
text
text
text
text
text
text
text
text
text
text
text
text
text
text
text
text
text
text
text
text
text
text
text
text
text
text
text
text
text
text
text
text
text
text
text
text
text
text
text
text
text
text
text
text
text
text
text
text
text
text
text
text
text
text
text
text
text
text
text
text
text
text
text
text
text
text
text
text
text
text
text
text
text
text
text
text
text
text
text
text
text
text
text
text
text
text
text
text
text
text
